<?xml version="1.0" encoding="utf-8" ?>
<dwsync>
<file name="invoice.php" server="laabus.com" local="130852203414567240" remote="130863648690000000" />
<file name="failure.php" server="laabus.com" local="130849539710000000" remote="130863648650000000" />
<file name="history.php" server="laabus.com" local="130849539710000000" remote="130863648670000000" />
<file name="index.php" server="laabus.com" local="130860831246113692" remote="130863648680000000" />
<file name="proceed.php" server="laabus.com" local="130855573356296454" remote="130863648710000000" />
<file name="cancel.php" server="laabus.com" local="130849539710000000" remote="130863648630000000" />
<file name="navbar.php" server="laabus.com" local="130855651889485723" remote="130863648700000000" />
<file name="invoice.php" server="//VARINI-INFO8-PC/laabus/www/" local="130884999405783574" remote="130884999400000000" />
<file name="index.php" server="//VARINI-INFO8-PC/laabus/www/" local="130885011606256143" remote="130885011600000000" />
<file name="receipt.php" server="//VARINI-INFO8-PC/laabus/www/" local="130884999863904399" remote="130884999860000000" />
<file name="proceed.php" server="//VARINI-INFO8-PC/laabus/www/" local="130874655733698643" remote="130874655730000000" />
<file name="navbar.php" server="//VARINI-INFO8-PC/laabus/www/" local="130888682208261527" remote="130888682200000000" />
<file name="DTH.php" server="//VARINI-INFO8-PC/laabus/www/" local="130885004968481543" remote="130885004960000000" />
<file name="spin_wheel.php" server="//VARINI-INFO8-PC/laabus/www/" local="130858453282743350" remote="130858453280000000" />
<file name="spin_wheel.php" server="laabus.com" local="130861010410000000" remote="130863648830000000" />
<file name="DTH.php" server="laabus.com" local="130855791436285796" remote="130863648640000000" />
<file name="receipt.php" server="laabus.com" local="130854798658714077" remote="130863648820000000" />
<file name="failure.php" server="//VARINI-INFO8-PC/laabus/www/" local="130884998972301148" remote="130884998970000000" />
<file name="history.php" server="//VARINI-INFO8-PC/laabus/www/" local="130884999239916549" remote="130884999230000000" />
<file name="datacard.php" server="//VARINI-INFO8-PC/laabus/www/" local="130885016551710785" remote="130885016550000000" />
<file name="DTH.php" server="//VARINI-INFO8-PC/laabus/" local="130889311234247214" remote="130889311230000000" />
<file name="landline.php" server="//VARINI-INFO8-PC/laabus/" local="130888466261638823" remote="130888466260000000" />
<file name="navbar.php" server="//VARINI-INFO8-PC/laabus/" local="130889262193585503" remote="130889262190000000" />
<file name="electricity.php" server="//VARINI-INFO8-PC/laabus/" local="130888466631401843" remote="130888466630000000" />
<file name="proceed.php" server="//VARINI-INFO8-PC/laabus/" local="130885912506331581" remote="130885912500000000" />
<file name="index.php" server="//VARINI-INFO8-PC/laabus/" local="130889310099279998" remote="130889310090000000" />
<file name="right_block.php" server="//VARINI-INFO8-PC/laabus/" local="130888469631401813" remote="130888469630000000" />
<file name="datacard.php" server="//VARINI-INFO8-PC/laabus/" local="130889311717459976" remote="130889311710000000" />
</dwsync>